,rho,E[N]_1,P_idle_1,E[N]_2,P_idle_2
0,0.25,0.3101903695408735,0.7593984962406015,0.3278004971533959,0.753027022692647
1,0.35,0.5117674203968621,0.6541301338255653,0.5465367965367965,0.6423444976076556
2,0.44999999999999996,0.7819177114603567,0.553946671375596,0.774179037336932,0.5569050832208727
3,0.5499999999999999,1.1109599828190995,0.46302527024124845,1.1566940236451064,0.44470154380129434
4,0.6499999999999999,1.9098709834469327,0.34840555014605645,1.8208969168483338,0.3591404546870134
5,0.7499999999999999,2.7211760993057017,0.2587839259415106,2.945906079866978,0.252688604607504
6,0.8499999999999999,5.197701688555347,0.1674953095684803,5.400112615254675,0.13068061844544027
7,0.9499999999999998,14.948519515477793,0.05867261103633917,20.05445189590451,0.03188662533215235
