,rho,E[N]_1,P_idle_1,E[N]_2,P_idle_2,Within_95%_to_105%
0,0.25,0.33474278337553676,0.749551939034879,0.3337468556735185,0.7495555433148685,0.29752029064684293
1,0.35,0.5424403697792877,0.6469756227867696,0.533985818698499,0.6511372407421901,1.5586139144158249
2,0.44999999999999996,0.8080220180875566,0.5510257618738496,0.8137693340804583,0.5518562496108724,0.7112821017556611
3,0.5499999999999999,1.204021356190753,0.4526589910289471,1.2219767481603383,0.45041403749644576,1.491285173411885
4,0.6499999999999999,1.8493217313452293,0.3514557518940547,1.864863709147738,0.3495426207897963,0.8404150310396914
5,0.7499999999999999,2.986267727079605,0.25093063336377247,3.0275971103524366,0.24834972341815212,1.383981178179531
6,0.8499999999999999,5.700063954957638,0.15045086127421428,5.522796750170919,0.1518592129699555,3.109916067389757
7,0.9499999999999998,19.88065415023422,0.050220165325981024,19.490696018420575,0.04891470041301433,1.9614954762897077
